Time (s),CPU Temp (°C),Avg CPU0–7 (GHz),Avg CPU8–15 (GHz)
0,43,2.7366204375,1.912111375
1,83,3.79999975,2.800000875
2,86,3.7999985625,2.8000008750000003
3,88,3.800001,2.800008
4,88,3.773931625,2.799997
5,88,3.73871725,2.800001875
6,88,3.684634875,2.8000035
7,89,3.699997375,2.791384375
8,89,3.678894625,2.7973
9,92,3.69046525,2.7880983125
10,94,3.684896125,2.571804375
11,72,1.750627,1.41796325
12,71,1.7595865,1.430625125
13,70,1.7748243124999998,1.44718525
14,69,1.75927175,1.4610304375
15,69,1.7594161875,1.44703225
16,69,1.7663309583333333,1.468806
17,68,1.7654921875,1.4627694375
18,67,1.782288625,1.471859375
19,67,1.79977425,1.5000004375
20,67,1.800000875,1.4999985416666666
21,67,1.8000003125,1.49999875
22,66.33333333333333,1.8050872083333334,1.49999825
23,66.66666666666667,1.8248485833333334,1.5000006666666668
24,67,1.8569755833333332,1.49999975
25,66.75,1.87234371875,1.4999986562499998
26,66.75,1.9551560625,1.5999996875
27,69,0.967136625,0.662065025
28,59,0.6681168333333334,0.4328122291666667
29,58,0.6230945208333333,0.4261031875
30,57,0.6277983333333333,0.4251873333333333
31,57,0.6731977916666667,0.4245966666666667
32,56,0.6813791041666667,0.4179307916666667
33,55,0.67756825,0.421387475
34,54.166666666666664,0.6439976458333333,0.41952527083333335
35,54,0.6637043333333333,0.4277505833333333
36,53.166666666666664,0.6176665416666667,0.42625620833333333
37,53,0.6808098541666667,0.4393961875
38,53,0.6205670624999999,0.43581677083333337
39,52.2,0.652759475,0.430238875
40,51.333333333333336,0.6347072916666667,0.4046990416666667
41,51.666666666666664,0.6616871458333333,0.42220225
42,50.666666666666664,0.6476036458333333,0.4290964583333333
43,50.666666666666664,0.6758126666666666,0.4266633125
44,51,0.63545825,0.4280654
45,51,0.672745625,0.4309274166666667
46,50.5,0.6483553958333333,0.4252255833333333
47,50,0.6478740416666667,0.4
48,50,0.6679767083333333,0.4048857291666667
49,50,0.6784388125,0.4
50,49.5,0.6542660416666667,0.4
51,49,0.68045535,0.4
52,48.666666666666664,0.6226446875,0.4
53,48.333333333333336,0.6333600833333333,0.4
54,48.333333333333336,0.6564208333333333,0.4
55,47.2,0.63353265,0.411866125
56,47.833333333333336,0.6489695625,0.4289515
57,47,0.6594892916666667,0.4212434375
58,47,0.603822775,0.42896855
59,48,0.5805738958333333,0.42532464583333335
60,46,0.6484909791666666,0.434544625
61,46,0.6600308333333333,0.4303715416666667
62,47,0.67062525,0.43232215
63,46.166666666666664,0.6352307083333333,0.4351589375
64,46,0.6262653125,0.42674129166666663
65,46,0.6568280625,0.42790289583333335
66,46,0.662134675,0.429092025
67,46,0.6282291458333333,0.4281131458333333
68,45.333333333333336,0.6388610416666667,0.4287945833333333
69,45.666666666666664,0.6693738333333333,0.4278391458333333
70,46,0.6521944749999999,0.429522275
71,45.5,0.6098246041666666,0.42875704166666667
72,45,0.6328251041666667,0.4322639583333333
73,45.4,0.65332605,0.44181770000000004
74,45.666666666666664,0.6288923541666667,0.42577085416666666
75,45,0.6324948333333333,0.4
76,45,0.65038105,0.4
77,45,0.6580115833333333,0.41279468750000003
78,45,0.59840675,0.434318375
79,44,0.6213292916666666,0.42584925
80,45,0.6300450833333333,0.429700625
81,45,0.5721541,0.429441125
82,45,0.6265359375,0.42362954166666666
83,44.2,0.60923465,0.420023075
84,44,0.6435802291666667,0.4
85,44,0.5906329,0.4
86,44.5,0.6176139166666667,0.42787433333333336
87,45,1.593125275,1.034487225
88,80,3.800003125,2.80000125
90,86,3.79999375,2.799996875
91,89,3.7758725,2.800002875
92,89,3.70495575,2.79956475
93,89,2.822841375,2.465109875
96,67,1.7713499375000001,1.46543425
97,66.33333333333333,1.777352125,1.4699961666666665
98,65,1.756985875,1.46146275
99,64.5,1.7769365000000001,1.486724625
100,64,1.78602625,1.481970125
101,65,1.7803401666666667,1.4848502916666666
102,64,1.7999993125,1.500001625
103,66,1.798218125,1.4939766875
104,66,1.7903310625,1.4863735
105,65,1.787229875,1.4745700625
106,64.5,1.807319375,1.49999975
107,64.66666666666667,1.8289089166666666,1.4999991666666666
108,63.666666666666664,1.8304125416666668,1.4999992500000001
109,63,1.8446868125,1.49999975
110,64,1.8209995625,1.5000010625
111,65,1.8340074375,1.500000625
112,66,1.8281069166666666,1.500000625
113,65,1.8253005,1.499999125
114,64,1.8297845,1.4999983125
115,63,1.84787825,1.4999979374999999
116,63.666666666666664,1.8572587083333334,1.5000003333333334
117,64,1.8907801874999999,1.5000005625
118,64,1.954034375,1.5666660000000001
119,66,2.000000875,1.5999976249999999
120,61.42857142857143,1.529202142857143,0.8842666785714285
121,57.142857142857146,1.3202644107142858,0.7553076071428572
122,56.42857142857143,1.0950659285714286,0.6149288571428572
123,56.42857142857143,1.2626332142857142,0.749837375
124,55,1.1520811071428572,0.6520304464285714
125,55,1.2897423214285715,0.7022968571428572
126,54.857142857142854,1.051115125,0.6413341428571429
127,54.142857142857146,1.087583,0.5893411071428571
128,55,1.1731079107142857,0.6012215178571428
129,53,1.2741014464285714,0.6177583214285715
130,53,1.1718498035714286,0.6227813392857142
131,51.285714285714285,1.1411597142857142,0.5866970357142858
132,51,1.1682057321428572,0.6691437857142857
133,51,1.2028861071428572,0.6215562321428572
134,51,1.052452857142857,0.6722912142857143
135,51,1.250961125,0.6135259642857143
136,50.285714285714285,1.1849142142857143,0.5625361607142857
137,50,1.2529046964285715,0.5671158392857143
138,50,1.1790949464285716,0.6317415714285715
139,50,1.2822961785714286,0.6898456071428571
140,50,1.200574982142857,0.6490807142857142
141,50,1.2708379285714286,0.6995132678571429
142,49.857142857142854,1.3129637142857142,0.6621212142857144
143,49,1.1409230178571428,0.6261478571428571
144,49,1.1933756666666668,0.5717281875
145,49,1.131999953125,0.60209559375
146,49,1.1879928928571428,0.5404160357142858
147,48.285714285714285,1.1461255178571428,0.5734495892857143
148,48.666666666666664,1.1564017500000001,0.7064914583333334
149,49,1.2535651964285714,0.6060203571428571
150,49,1.2615906607142857,0.7135971071428572
151,48.42857142857143,1.23962975,0.6152108392857143
152,47,1.1311533392857143,0.7111160714285715
153,47,1.0381470892857143,0.637782375
154,46.857142857142854,1.113308517857143,0.604762125
155,46.142857142857146,1.2663230892857142,0.5971057321428571
156,47,1.0705573214285715,0.5696198035714286
157,46,1.1438018125,0.5830167083333333
158,46.857142857142854,1.2244211071428572,0.6236851964285715
159,46.285714285714285,1.1909820714285715,0.6660135714285714
160,46,1.3037100535714286,0.5861575357142857
161,46,1.0702508928571428,0.6673568035714286
162,46,1.1345545178571428,0.6099218928571428
163,46,1.0244428392857143,0.6311301428571429
164,46,1.1635732321428571,0.6879969285714286
165,46,1.1413958392857144,0.6074982321428571
166,46,1.0754695357142856,0.568056
167,46,1.1705445714285714,0.6725897321428571
168,45.714285714285715,1.179103357142857,0.6742677321428572
169,45.285714285714285,1.1838464464285714,0.6715767857142857
170,45.857142857142854,1.2553787321428571,0.5910019285714285
171,45,1.061057,0.6872784166666667
172,45,1.2634025714285715,0.5460780357142857
173,44,1.1001557857142856,0.6429734107142857
174,45,1.2052683392857142,0.7263694642857143
175,45,1.1522331428571428,0.6197517321428572
176,45,1.2662893035714287,0.6823908928571428
177,44,1.1127270357142858,0.673778375
178,44,1.2408000535714285,0.63873075
179,44.857142857142854,1.0582718392857142,0.6691049642857143
180,45,1.4351725,1.0529873250000001
181,62.5,3.8000003749999998,2.838446625
182,80,3.799997375,2.79999675
184,85.5,3.7597208125000003,2.79999925
186,89,3.7147265,2.799993
188,92,1.723521625,1.42787125
189,66,1.755278125,1.464109
190,66,1.7915744375,1.4605374375
191,66,1.799997875,1.495878
192,65.5,1.7983745625,1.478332875
193,64.5,1.793203,1.4946415625
194,64,1.7908563124999999,1.4890789375
195,64,1.7999995625,1.4999991874999998
196,64,1.793037,1.4984063125
197,66,1.7999989374999998,1.499999375
198,66,1.8000015,1.49999525
199,64.66666666666667,1.8246971666666667,1.5000010833333333
200,64,1.83892825,1.5000028125
201,64,1.8434759375,1.5000001875
202,65,1.855539375,1.5000019999999998
203,65,1.8494143125,1.49999825
204,64,1.8581042499999998,1.4999993125
205,64,1.858511625,1.4999995625
206,64.66666666666667,1.8480492083333333,1.4999968333333333
207,66,1.8187338125,1.4999949375
208,64,1.8518546875,1.5
209,64,1.854991,1.499999
210,64,1.8461756249999999,1.4999989375
211,64.66666666666667,1.8945292083333334,1.4999987916666666
212,66,1.8900155,1.50000125
213,64,1.9499999375,1.5499998750000001
214,66,1.90633915,1.3735243
215,59.142857142857146,1.5911511607142856,1.1089254642857143
216,57.25,1.752142265625,1.082627796875
217,57,1.6263101071428572,1.059830482142857
218,56.375,1.7232445625,1.003301390625
219,55.42857142857143,1.5266944821428572,1.0519872142857143
220,55,1.6065840468750001,1.04278415625
221,55,1.7682882678571428,1.026025875
222,54.625,1.755201953125,1.104629546875
223,54,1.6511111428571428,1.0312618035714285
224,53.75,2.0226203125,1.12774840625
225,53,1.66418325,1.1315183035714285
226,52.875,1.700670890625,1.083672765625
227,52,1.6713233571428572,1.1007899642857142
228,51,1.845786046875,1.071137984375
229,52,1.7307385,1.0583586071428572
230,51.125,1.759939625,1.0423218593749999
231,51,1.6748940714285714,1.1380883214285715
232,51,1.8107991875,1.07805625
233,51,1.5867163392857142,1.0744071964285713
234,51,1.574840390625,1.0853291875
235,51,1.7629044642857143,1.0645226964285714
236,51,1.5767108392857143,1.0916371964285714
237,51,1.87537453125,1.023574625
238,50.714285714285715,1.6740758571428571,1.0926144107142857
239,50,1.616963515625,1.06697478125
240,50.142857142857146,2.016404375,1.1479145535714286
241,50.875,1.64454,1.017256765625
242,50,1.7993078214285714,1.0665147321428572
243,49,1.646763953125,1.118901046875
244,50,1.698349642857143,1.074556107142857
245,48.25,1.522240359375,1.08901965625
246,48.857142857142854,1.7019302678571429,1.0623423392857143
247,49,1.819582453125,1.07060840625
248,47.57142857142857,1.7571397857142856,1.0501801071428571
249,47.625,1.65614353125,1.080213578125
250,47.42857142857143,1.5131044285714286,1.0605121071428572
251,47.5,1.489338578125,1.069212203125
252,48,1.6610621964285714,1.028424607142857
253,48.285714285714285,1.66835275,1.0511530178571429
254,48.5,1.72823790625,1.02190659375
255,47,1.5109975357142857,1.0588667142857142
256,47.125,1.65538103125,1.069593171875
257,48,1.7518810357142858,1.10016275
258,48,1.65203509375,1.080158875
259,47,1.7034605714285715,1.0712002857142857
260,47,1.793006515625,1.0792220625
261,47,1.8152613928571428,1.1323208392857143
262,46.25,1.55183146875,1.062421796875
263,46.714285714285715,1.9010599107142858,1.1179848392857143
264,47,1.7319901785714287,1.1063907321428572
265,46.5,1.54069453125,1.101712359375
266,46,1.6397122857142856,1.1107987857142858
267,46,1.671396921875,1.066500546875
268,46,1.7417988214285713,1.0881345178571429
269,46,1.882482265625,1.1092644375
270,46,1.5970262678571427,1.0966961964285713
271,46,1.7390699375,1.112817859375
272,46,1.7822399642857143,1.11265125
273,46,1.817487140625,1.043520984375
274,46,1.836078017857143,1.250366732142857
275,61,3.4575099375000002,2.2623564375
276,86,3.799994875,2.7999975
277,85,3.799998375,2.79999675
279,88,3.690535375,2.8000045
280,89,3.6734108125000002,2.77721325
281,89,2.227077125,2.15340425
283,67,1.784937625,1.462682625
284,66,1.776861625,1.4832075625
285,64,1.796125875,1.48129675
286,66,1.800001125,1.49204975
287,65,1.8000015624999999,1.4999994375
288,66,1.80269775,1.500000375
289,66,1.81966975,1.500000125
290,64,1.8184871875,1.5000010000000001
291,66,1.8171505625000002,1.49999825
292,64,1.8066958125,1.5000006250000002
293,63.5,1.8140153125,1.4999994375
294,63.5,1.852513875,1.4999988125
295,64,1.836150375,1.500002125
296,64,1.8289485625,1.500001625
297,64,1.8687590625000001,1.4999993125
298,66,1.88231025,1.5000025
299,65,1.846213625,1.5000008125000002
300,64,1.8279425,1.4999961874999999
301,64,1.8412288125,1.4999976875
302,64,1.8545543125,1.4999988750000002
303,64,1.8556206875,1.50000175
304,63,1.900000875,1.50000075
305,64,1.872465875,1.4999965
306,65,1.89374975,1.499999125
307,64,1.8929855,1.4999977916666667
308,65.33333333333333,1.9001525833333335,1.5333344583333333
309,64,1.9142503125,1.5999985625000002
310,64,2.0039157750000003,1.619998875
311,61,2.419967017857143,1.2559244285714286
312,57.375,2.4866367499999997,1.3072365625
313,57.25,2.236123109375,1.324561359375
314,56,2.4431404821428573,1.3004294107142857
315,56,2.40317084375,1.353636875
316,56,2.57615015625,1.28179403125
317,55.75,2.35648703125,1.397741484375
318,54.857142857142854,2.5600764107142857,1.3884433035714285
319,54,2.3684355,1.232070390625
320,54.125,2.2996654375,1.26774428125
321,55,2.2663568214285714,1.3172601607142858
322,53,2.204546,1.3286324375
323,53,2.298607984375,1.286987984375
324,53,2.367741375,1.3321509285714286
325,53,2.42365915625,1.306269625
326,53.875,2.6239386875,1.333538984375
327,53.142857142857146,2.47542675,1.2596991607142858
328,52.25,2.287606921875,1.27140578125
329,51.25,2.1735613593750003,1.3828159687500001
330,51,2.441211390625,1.326217765625
331,51,2.355087607142857,1.342532642857143
332,51,2.308932875,1.320769328125
333,51,2.459513359375,1.282605734375
334,51,2.58924515625,1.2720674375
335,51,2.340003392857143,1.2513369107142858
336,50.5,2.4427580937499997,1.297997390625
337,50,2.263045515625,1.268985125
338,50.42857142857143,2.5143152321428572,1.3188807142857142
339,50.625,2.24367890625,1.2940511875
340,50.285714285714285,2.4931865714285713,1.3269335535714286
341,50.75,2.426797421875,1.2849133125
342,50,2.460548984375,1.290999875
343,50,2.4191335535714287,1.285598267857143
344,50,2.47658925,1.26626409375
345,50,2.501601890625,1.4055233281250001
346,50,2.229054515625,1.2923381250000001
347,50,2.4896575892857142,1.323208375
348,50,2.383827375,1.36894165625
349,49,2.418838734375,1.294695984375
350,49,2.581733421875,1.345682375
351,49,2.572015017857143,1.2936901071428573
352,48.125,2.406742046875,1.29802809375
353,48,2.36541296875,1.3556108281250001
354,48.857142857142854,2.365036339285714,1.3597385535714286
355,48.25,2.4221584375000003,1.311426171875
356,47.25,2.190242109375,1.328316859375
357,48.42857142857143,2.406199517857143,1.411984625
358,48.375,2.39404028125,1.294745
359,47.375,2.273145453125,1.3612398125
360,47.625,2.3847655625,1.2754938125
361,48,2.2044444107142858,1.2664812142857143
362,48,2.271414453125,1.349356453125
363,48,2.2368015892857143,1.3528863928571428
364,48,2.490838984375,1.359997203125
365,47.625,2.41807953125,1.336326671875
366,47.375,2.21903771875,1.28823328125
367,47.714285714285715,2.3815567142857144,1.3230800892857142
368,47.25,2.36756375,1.28405965625
369,48,2.1701065625,1.25774390625
370,48,2.4540756785714284,1.2632374464285714
371,48,3.121309175,1.772166325
374,86,3.7394755,2.800000625
376,90,3.7508294166666665,2.79821
377,92,2.208881,1.953156
379,69,1.758090375,1.478116
380,66,1.7949098124999998,1.4867451875
381,66,1.79789325,1.499996
382,66,1.800000625,1.49999825
383,66,1.8237755,1.5000005625
384,66,1.819505,1.50000125
385,65,1.819820625,1.49999875
386,65,1.823572875,1.5000003125
387,65,1.83573475,1.500000875
388,64.66666666666667,1.8224275,1.4999983333333333
389,66,1.799997875,1.4999995
390,64.5,1.8473239375000001,1.4999975625
391,64.5,1.8485586875,1.499998875
392,64,1.8556835624999999,1.49999875
393,64,1.8367895,1.500001
394,66,1.8721635,1.5000005
395,66,1.8726969375,1.500002875
396,65,1.870840125,1.4999989999999999
397,65,1.87083675,1.4999999375000002
398,65,1.8510595625000001,1.499999125
399,65,1.864314625,1.5000014375
400,65,1.857094625,1.4999992500000001
401,64,1.85174575,1.50000025
402,66,1.864149625,1.4999998749999999
403,66,1.8592974583333333,1.499997125
404,64,1.8691135,1.49999675
405,66,1.89999925,1.499999
406,65,1.9000011875,1.512499625
407,65,1.910273375,1.5999994375
408,66,1.99999915625,1.5999999062499999
409,63.75,2.600278140625,1.84791390625
410,59.25,2.80525940625,2.061404765625
411,57.625,2.8593699843750002,1.969655109375
412,57,2.6806511607142856,1.9175231785714286
413,57,2.749994890625,1.831146328125
414,56.75,2.76564034375,1.71170796875
415,55.75,2.7289245,1.884517828125
416,55,2.72032175,1.8255747142857144
417,55,2.839476875,1.820724859375
418,55,2.76749278125,1.800818609375
419,55,2.758872984375,1.794085875
420,55,2.8249904821428573,1.928783625
421,54,2.800068671875,1.872985546875
422,55,2.644744859375,1.947811953125
423,54,2.664141375,1.85774125
424,53,2.7192830357142856,1.7817134285714287
425,53.875,2.757493,1.783121515625
426,54,2.5863774375,1.9198510156250002
427,54,2.81713784375,1.899369578125
428,53.142857142857146,2.8126675178571428,1.8316240535714285
429,53,2.7630695156250002,1.972373609375
430,52.25,2.445008640625,1.8908304375
431,52,2.8172205714285714,1.827913642857143
432,52,2.920220109375,1.8608048125
433,52,2.868745578125,2.03341396875
434,51.375,2.593509609375,1.7525730625
435,51.625,2.630400265625,1.7579985
436,51.42857142857143,2.7537265357142857,1.7650103392857144
437,51,2.829027,1.90779709375
438,51,2.721702171875,1.75805053125
439,51,2.620542017857143,1.9049915357142857
440,51,2.831208703125,1.960069328125
441,51,2.73403590625,1.9210283750000001
442,51,2.749448921875,2.01228375
443,51,2.672760390625,1.77601340625
444,51,2.7584563035714287,2.149221375
445,51,2.75895834375,1.88614453125
446,51,2.65800265625,1.785265453125
447,51,2.839075578125,1.98072821875
448,51,2.7812879464285714,1.7664199107142857
449,50.875,2.838946921875,1.92259865625
450,50,2.7411795625,1.910688359375
451,50,2.7673719375,1.828182609375
452,50,2.7476303035714285,1.8796408214285714
453,51,2.724136984375,1.768365703125
454,49,2.80043603125,1.78759165625
455,51,2.7994438392857144,1.7735303214285714
456,50.125,2.650126375,1.92099121875
457,50,2.91630146875,2.1320433125
458,50,2.570194890625,2.017979203125
459,49.142857142857146,2.746178392857143,1.9456963035714285
460,49.75,2.914414234375,2.06489975
461,50,2.834743421875,1.939569671875
462,49.25,2.580469,1.8776055624999999
463,49,2.67738134375,1.7514348750000002
464,49.714285714285715,2.767522517857143,1.9343010535714285
465,48.75,2.557472125,1.8916691875
466,48.625,2.75352790625,1.864992265625
467,48.375,2.643220109375,1.904159109375
468,48,2.7637656607142858,2.065637875
469,48.666666666666664,2.8317553125,1.9490812916666667
470,50,3.799998625,2.799999125
472,89,3.787495,2.799995875
473,89,3.695650625,2.79999475
474,92,3.681593375,2.770536375
475,92,1.949999875,1.549996125
476,81.5,1.779818375,1.4535191250000001
477,68,1.7968439375,1.49839875
478,67,1.79999975,1.49999575
479,67,1.80340175,1.49999875
480,67,1.803654,1.5000025
481,67,1.826090125,1.4999972499999998
482,66,1.8159886875,1.499999625
483,67,1.8427184374999999,1.5
484,66,1.838834,1.49999925
485,66.5,1.8239080625,1.5000015
486,66.5,1.83118225,1.5000005625
487,66,1.84334075,1.49999675
488,66,1.8704578125,1.5000000624999998
489,66,1.8556665,1.499994625
490,67,1.86376,1.5000010625
491,66.5,1.8458550625,1.5
492,66,1.8673549375,1.5000029375000001
493,66,1.890204875,1.5000025
494,66,1.873869875,1.5000008125000002
495,66.66666666666667,1.7186226249999998,1.418381625
497,62,1.2424669375000001,0.9562498125000001
499,64.5,1.8677698125000002,1.5000001250000001
500,65,1.862667,1.4999996875
501,65,1.8791688125000001,1.4999985625
502,66,1.8970449375,1.4999976875
503,66,1.880595125,1.500000125
504,66,1.8999996875,1.5062509375
505,64,1.9125005625,1.5062481875
506,66,1.024998875,0.8895915
507,60,0.955441125,0.876876
508,59,1.629951,1.3472040625
509,66,1.943773,1.5999998125000001
510,65,1.9488430625,1.59999590625
511,61,2.403474854166667,1.7435302916666666
512,57.42857142857143,1.954860357142857,1.4552565
513,56.142857142857146,2.0698344464285716,1.7275283750000001
514,57,2.023340910714286,1.477879875
515,56,1.9816055,1.6042142142857143
516,55.142857142857146,2.0099307321428572,1.3410171607142858
517,55,2.229565609375,1.654609734375
518,55,2.0985281964285716,1.6664690178571429
519,54.42857142857143,2.1443985714285714,1.4681328035714285
520,53.57142857142857,2.167307767857143,1.4604296607142857
521,53,2.2056813035714287,1.49654125
522,53,2.1066261875,1.4409247812500001
523,53,2.0902966785714288,1.5473614464285714
524,53,2.204542875,1.7166222142857144
525,53,2.1481202678571427,1.532942892857143
526,52.142857142857146,2.0742909107142857,1.4171529464285713
527,52,2.056871517857143,1.3727330178571429
528,52,1.8696620714285714,1.403958875
529,51.57142857142857,2.0977849642857143,1.463409767857143
530,51,2.3532726607142855,1.4918184285714287
531,51,2.191657671875,1.58157065625
532,51,2.128409017857143,1.6555175357142857
533,51,2.1859432678571427,1.5436173392857142
534,51,2.082466767857143,1.5688013035714286
535,51,1.9682627857142858,1.3931104821428573
536,51,2.0456098125,1.5124798906249999
537,50.142857142857146,2.1562260714285717,1.8858839107142857
538,50.714285714285715,2.3075697857142856,1.3905188392857142
539,50.42857142857143,1.7701113750000002,1.5659326071428572
540,50.42857142857143,2.191952357142857,1.5482460535714286
541,50.625,2.3880075625,1.55603653125
542,50,1.9176501964285715,1.4802485357142856
543,50,2.208868285714286,1.4560292321428572
544,50,2.2920849107142858,1.544278017857143
545,50,2.20624478125,1.563905890625
546,49,2.079062517857143,1.4602246607142857
547,48.142857142857146,2.190776214285714,1.6876454464285715
548,48.714285714285715,2.053026160714286,1.5271996607142857
549,49,2.131062671875,1.854384375
550,49,2.1916268571428574,1.5290799107142856
551,49,2.0102786964285713,1.5067625714285715
552,49,2.1742039642857143,1.4148530892857143
553,48.714285714285715,2.13863825,1.5412209464285713
554,48,2.237234339285714,1.6482498392857143
555,48,2.006648964285714,1.4084550357142858
556,49,2.215221765625,1.4654788437500001
557,49,2.3508676964285713,1.4515132321428572
558,48.142857142857146,1.99519775,1.413917
559,48,2.1144249464285716,1.3733564107142857
560,48.57142857142857,2.0493703214285715,1.4094267142857142
561,48.57142857142857,2.1719601785714286,1.6075774285714286
562,48,2.023814625,1.5249488392857142
563,48,2.1379107031249998,1.5950392656249999
564,48.142857142857146,2.0976244642857145,1.6970015357142858
565,49,2.2116563035714285,1.5362906607142857
566,48,2.0759996249999997,1.628166875
567,48,2.2093855,1.53952121875
568,48,2.0223006428571426,1.4398957142857143
569,48.714285714285715,2.0092597142857143,1.5526228035714285
570,47.857142857142854,1.9519517321428572,1.451960125
571,47,2.2066430535714288,1.8742244107142856
572,85,3.800001125,2.799987375
574,89,3.799997375,2.799994875
575,89,3.712501875,2.7993405
576,90,3.6732388125,2.7805911875
577,91,2.78102775,2.488119375
578,92,1.7406705,1.437549625
579,67,1.72564725,1.437222125
580,66,1.7508075,1.435715875
581,66,1.781283375,1.474690375
582,66,1.806235625,1.499421
583,64,1.8178995,1.499999375
584,66,1.828877125,1.499997375
585,66,1.8303959375,1.4999980625
586,66,1.8156254375,1.499999625
587,65,1.8343462499999998,1.4999993125
588,64,1.812858875,1.499998625
589,66,1.827042375,1.5
590,66,1.858783125,1.499999125
591,66,1.8745395,1.4999983124999998
592,65.33333333333333,1.8649874166666667,1.4999994583333334
593,64,1.852343875,1.499998875
594,66,1.8562645,1.500002
595,66,1.8645764375,1.5000000625
596,65.5,1.8760450625,1.5000020625000001
597,65.5,1.8794279999999999,1.4999959375
598,66,1.8685445,1.499997375
599,64,1.89771475,1.500000625
600,66,1.8871,1.39999775
601,66,0.92407425,0.825532625
602,58,1.02569725,0.893816625
603,60,1.88749825,1.4999984375
604,64,1.899999125,1.5250005
605,64,1.9006977083333334,1.5333353333333333
606,66,1.9000011875,1.6000040625
607,64,1.90047825,1.5875023750000001
608,64,1.899997875,1.5999993125
609,64,1.908846375,1.599998
610,64,1.7099584583333334,1.4291639583333333
611,62,1.0662575625,0.95000175
612,59,1.19332275,0.9562488124999999
613,57.714285714285715,2.0403824642857145,1.4866774107142857
614,56.666666666666664,1.075420625,0.972149625
615,55.833333333333336,1.0614874791666666,1.2703925
616,55,1.0081860625,0.9793714375
617,55,1.0203969583333334,0.9828436041666667
618,55,1.1343054791666667,1.0001085416666666
619,54,1.110097,1.0048470416666666
620,54,1.11908,0.9557024583333333
621,53.166666666666664,1.0781205208333333,0.973283625
622,52.166666666666664,1.088309875,0.9958935416666667
623,52,1.2726309166666667,1.2922703958333333
624,52,1.074165875,1.0087744791666666
625,51.5,1.1131870208333334,0.9291784166666667
626,51.333333333333336,1.2921235416666668,1.3592574375
627,51.666666666666664,1.0928353333333334,1.0041793541666666
628,50.833333333333336,1.0174936875,1.0719660833333333
629,50.166666666666664,1.1080612916666666,0.9917996875
630,51,0.9669157083333333,1.2220007291666668
631,50,1.0535492916666667,0.9227991458333333
632,51,1.1538433333333333,1.0072596875
633,50,1.3139002708333334,1.2232011875
634,50,0.9715398541666667,0.9472971458333334
635,50,1.0562871041666666,0.952406
636,50,1.0594014166666668,0.9263574583333334
637,50,0.98065825,1.0058346666666667
638,50,1.0759851875,0.9693981666666667
639,50,1.0416211666666666,1.0318242083333333
640,49.2,0.9881244,0.92501425
641,49,1.0518417083333333,1.0203841458333334
642,49,0.9838541666666667,1.1169211041666667
643,49,1.1377705833333334,1.3656032708333332
644,49,1.0061530625,0.9580061458333333
645,49,1.0357153333333333,0.914464125
646,48.333333333333336,0.9591155208333333,1.1534407708333334
647,47,1.0607394375,0.9922117708333333
648,47.333333333333336,1.0159331875,1.0204491875
649,48.333333333333336,1.0989196875,1.1089712291666667
650,48.333333333333336,0.9871685416666667,1.029891125
651,47.333333333333336,1.051418625,0.9990056041666666
652,48,0.95833735,0.9188542
653,47.833333333333336,0.9592777291666666,0.9836673958333333
654,47,0.9798659166666667,1.1301361458333332
655,49,1.04129425,1.0327051875
656,49,1.1173878541666666,1.069142625
657,47,1.0370526458333333,1.1263723333333333
658,47,1.1054544583333332,0.923275375
659,47,1.0192239583333333,1.2805946458333333
660,46.166666666666664,1.0306892291666667,0.9173247083333333
661,46.833333333333336,1.0162241041666666,0.8807548125
662,47,1.0570106458333335,1.3269960833333334
663,47,1.386295,1.295578875
664,47,1.0024108333333333,0.9813867708333333
665,46.5,1.0469116041666666,0.9567010833333334
666,46,1.0860278541666666,1.0227344166666668
667,46,1.0223532916666667,0.9409229166666666
668,46,1.1882586458333333,1.1673261041666667
669,46,0.99490375,1.0648869375
670,46,1.0329581875,0.9879758125
671,46,1.0743230208333334,0.9423863958333333
672,46,1.1116662708333334,1.1249696666666666
673,46.2,0.97321625,1.118352625
674,46.833333333333336,1.0255376041666666,1.0192056041666666
675,46,1.194259,1.3187556964285714
676,46,1.4073604583333332,1.3075082916666667
677,46,1.1532577083333333,0.9840916875
678,45,1.206435875,0.922701
679,46,1.025319175,0.97820155
680,46,1.0951086041666667,1.1848104375
681,45.333333333333336,1.1221527083333334,0.9577687708333333
682,45.666666666666664,0.9865042083333333,1.1656659375
683,46,1.0855958958333334,1.2526467708333333
684,45.5,1.027021,0.9326095833333333
685,45.5,1.012079875,0.8792763333333333
686,45.5,1.1830704166666668,1.1701097083333334
687,45,1.0806438333333332,0.9563985625
688,45.333333333333336,1.0731404375,0.9253359999999999
689,46,1.0473513333333333,0.9922150833333333
690,45.833333333333336,1.0723228541666667,1.0003182708333334
691,45.333333333333336,1.0706738125,1.0468203541666667
692,45.666666666666664,1.1339571666666666,1.0317111458333335
693,45.2,1.0565826999999999,1.0083317
694,45.714285714285715,1.1604233035714286,1.2594224285714286
695,45,1.175436025,1.14848695
696,45,1.1167903125,0.9745574791666667
697,45,0.983204375,0.9602816875
698,45,1.0338544791666666,1.0194640625
699,44,1.1825130625,0.9290285
700,45,1.0953290208333333,1.00469325
701,45,1.0943695625,1.051681375
702,45,1.0821171875,0.9697734375
703,44.166666666666664,1.0899657291666667,1.0084182916666666
704,44.833333333333336,1.0560589166666667,0.9978596875
705,45,1.0152450833333333,0.9722206041666667
706,45,1.031649775,0.917058
707,45,1.0049348958333333,1.1540276041666666
708,44.333333333333336,1.1180736458333334,0.9811743541666667
709,44.666666666666664,1.0528922291666667,1.0828315416666667
710,45,0.9751693541666666,0.9767265833333334
711,45,0.9624563541666666,1.02395975
712,45,1.0979857083333333,0.9443395
713,45,1.0594195208333335,0.9138761458333333
714,45,1.0380000208333333,1.2114893125
715,44.666666666666664,1.1485793125,1.2175145
716,44,1.1468413124999999,1.1359297291666666
717,44.166666666666664,1.0597322916666667,0.9144655208333333
718,44.833333333333336,1.0880970416666667,1.0171555625
719,44,0.962181325,0.867144975
720,44,1.1364867083333334,0.9108790208333333
721,45,0.9770127916666667,0.9873692916666666
722,44,1.0608900625,0.9552045833333334
723,44,1.0266270208333332,0.9661346666666667
724,45,1.1800452916666666,0.9949719583333334
725,44,0.95225075,1.02326075
726,43,1.0794477291666666,0.9442677916666666
727,44,1.03760485,1.03178605
728,44.833333333333336,1.1345284166666667,1.0339511666666668
729,44.166666666666664,1.0720246458333333,0.9408215625
730,44,0.9914437708333333,0.9210406250000001
731,44.833333333333336,1.0353370833333333,1.01143125
732,44.333333333333336,1.0412500625,0.9197508958333334
733,44.666666666666664,1.0650979583333333,1.0572970833333333
734,44.333333333333336,1.0821335,1.1582924791666667
735,44.5,1.0434151458333334,0.9585007708333333
736,44.5,1.0993703541666666,1.0786492291666667
737,44,1.0435442083333333,0.9697342083333333
738,44,1.0451734583333334,0.952206
739,44,0.94366175,1.0066080833333333
740,44,1.047483625,1.1505418250000001
741,44,1.0212538958333335,0.88465375
742,44,1.0101906666666667,1.1498814583333332
743,44,1.0096916249999999,1.1935546458333333
744,44,1.0710949375,1.0408848125
745,45,1.0278062916666666,0.9441456458333334
746,45,1.0094409583333332,0.871107125
747,44,1.1127780624999999,1.062310375
748,45,0.9440627500000001,1.1137653125
749,45,0.9140503125,0.9032701041666666
750,44,0.9860316,0.9597536999999999
751,43.166666666666664,1.0481329583333334,1.0779738541666666
752,43.833333333333336,0.9995453333333333,1.2283196458333334
753,44.666666666666664,1.1076786041666666,1.2129265
754,44,0.9426621666666667,1.21319275
755,43,1.1385688125,0.9664855833333333
756,43,1.0111698125,0.9101774583333333
757,43.5,0.9924385625,0.9609685208333333
758,44,1.0722224166666667,0.8988905416666667
759,43.5,1.0246995,0.962903625
760,43.5,1.0937577916666665,1.0007073125
761,44.5,1.0020548541666667,0.9697533541666666
762,44.6,1.046934925,1.0518058
763,43.666666666666664,0.9982078333333333,0.9433303958333333
764,43.666666666666664,1.001258875,0.9695064791666667
765,44.666666666666664,1.0503334583333332,1.1096540833333333
766,43.833333333333336,1.061536875,1.1867714583333333
767,43,1.1133106041666667,0.9347638125
768,43,1.0388859791666667,1.0216874375
769,43,1.0242161875,0.9294457083333334
770,42,1.0545453125,0.9609527708333333
771,43,0.9840237291666667,1.4979307291666668
772,43,2.3047167678571427,2.3848932678571426
773,59.5,2.7821046875,2.98786396875
774,54.714285714285715,1.5619894464285715,1.4363532321428572
775,45.666666666666664,1.1214161458333334,1.0399708333333333
776,45,1.1053881875,0.99834025
777,45.6,1.050472075,0.919469825
778,46,0.797712,0.799999
